latitude,longitude,country_code,name
25.0657,55.17128,AE,Dubai
25.33737,55.41206,AE,Sharjah
24.19167,55.76056,AE,Al Ain
24.46667,54.36667,AE,Abu Dhabi
36.70904,67.11087,AF,Mazar-e Sharif
31.61332,65.71013,AF,Kandahar
34.52813,69.17233,AF,Kabul
41.3275,19.81889,AL,Tirana
40.18111,44.51361,AM,Yerevan
-9.29782,14.91162,AO,N'dalatando
-8.83682,13.23432,AO,Luanda
-27.46056,-58.98389,AR,Resistencia
-34.72904,-58.26374,AR,Quilmes
-27.36708,-55.89608,AR,Posadas
-34.6509,-58.61956,AR,Moron
-38.00228,-57.55754,AR,Mar del Plata
-34.92145,-57.95453,AR,La Plata
-27.4806,-58.8341,AR,Corrientes
-34.61315,-58.37723,AR,Buenos Aires
-27.79511,-64.26149,AR,Santiago del Estero
-31.63333,-60.7,AR,Santa Fe de la Vera Cruz
-24.19457,-65.29712,AR,San Salvador de Jujuy
-26.82414,-65.2226,AR,San Miguel de Tucuman
-31.5375,-68.53639,AR,San Juan
-24.7859,-65.41166,AR,Salta
-32.94682,-60.63932,AR,Rosario
-32.89084,-68.82717,AR,Mendoza
-31.4135,-64.18105,AR,Cordoba
48.20849,16.37208,AT,Vienna
-31.95224,115.8614,AU,Perth
-34.92866,138.59863,AU,Adelaide
-33.86785,151.20732,AU,Sydney
-32.92715,151.77647,AU,Newcastle
-37.814,144.96332,AU,Melbourne
-28.00029,153.43088,AU,Gold Coast
-35.28346,149.12807,AU,Canberra
-27.46794,153.02809,AU,Brisbane
40.68278,46.36056,AZ,Ganja
40.37767,49.89201,AZ,Baku
43.84864,18.35644,BA,Sarajevo
23.89154,90.40232,BD,Tungi
25.00146,89.32266,BD,Shibganj
24.374,88.60114,BD,Rajshahi
23.46186,91.18503,BD,Comilla
25.74664,89.25166,BD,Rangpur
23.7104,90.40744,BD,Dhaka
22.3384,91.83168,BD,Chittagong
22.80979,89.56439,BD,Khulna
24.41112,88.98673,BD,Natore
50.85045,4.34878,BE,Brussels
51.21989,4.40346,BE,Antwerpen
12.36566,-1.53388,BF,Ouagadougou
11.17715,-4.2979,BF,Bobo-Dioulasso
43.21667,27.91667,BG,Varna
42.69751,23.32415,BG,Sofia
42.15,24.75,BG,Plovdiv
-3.3822,29.3644,BI,Bujumbura
6.36536,2.41833,BJ,Cotonou
6.44852,2.35566,BJ,Abomey-Calavi
-17.78629,-63.18117,BO,Santa Cruz de la Sierra
-16.5,-68.15,BO,La Paz
-17.3895,-66.1568,BO,Cochabamba
-5.08917,-42.80194,BR,Teresina
-2.52972,-44.30278,BR,Sao Luis
-8.05389,-34.88111,BR,Recife
-8.00889,-34.85528,BR,Olinda
-5.795,-35.20944,BR,Natal
-9.66583,-35.73528,BR,Maceio
0.03889,-51.06639,BR,Macapa
-7.115,-34.86306,BR,Joao Pessoa
-8.18028,-35.00139,BR,Jaboatao
-3.71722,-38.54306,BR,Fortaleza
-7.23056,-35.88111,BR,Campina Grande
-1.45583,-48.50444,BR,Belem
-1.36556,-48.37222,BR,Ananindeua
-20.31944,-40.33778,BR,Vitoria
-20.32972,-40.2925,BR,Vila Velha
-18.91861,-48.27722,BR,Uberlandia
-23.50167,-47.45806,BR,Sorocaba
-20.12861,-40.30778,BR,Serra
-23.96306,-46.39194,BR,Sao Vicente
-23.5475,-46.63611,BR,Sao Paulo
-23.17944,-45.88694,BR,Sao Jose dos Campos
-20.81972,-49.37944,BR,Sao Jose do Rio Preto
-22.80389,-43.37222,BR,Sao Joao de Meriti
-23.69389,-46.565,BR,Sao Bernardo do Campo
-23.96083,-46.33361,BR,Santos
-23.66389,-46.53833,BR,Santo Andre
-12.97111,-38.51083,BR,Salvador
-22.90278,-43.2075,BR,Rio de Janeiro
-21.1775,-47.81028,BR,Ribeirao Preto
-19.76694,-44.08667,BR,Ribeirao das Neves
-30.03306,-51.23,BR,Porto Alegre
-22.72528,-47.64917,BR,Piracicaba
-31.77194,-52.3425,BR,Pelotas
-23.5325,-46.79167,BR,Osasco
-22.75917,-43.45111,BR,Nova Iguacu
-22.88333,-43.10361,BR,Niteroi
-16.735,-43.86167,BR,Montes Claros
-23.52278,-46.18833,BR,Mogi das Cruzes
-23.66778,-46.46139,BR,Maua
-23.42528,-51.93861,BR,Maringa
-23.31028,-51.16278,BR,Londrina
-23.18639,-46.88417,BR,Jundiai
-21.76417,-43.35028,BR,Juiz de Fora
-26.30444,-48.84556,BR,Joinville
-23.48611,-46.34833,BR,Itaquaquecetuba
-23.46278,-46.53333,BR,Guarulhos
-23.99306,-46.25639,BR,Guaruja
-16.67861,-49.25389,BR,Goiania
-20.53861,-47.40083,BR,Franca
-27.59667,-48.54917,BR,Florianopolis
-12.26667,-38.96667,BR,Feira de Santana
-22.78556,-43.31167,BR,Duque de Caxias
-23.68611,-46.62278,BR,Diadema
-25.42778,-49.27306,BR,Curitiba
-15.59611,-56.09667,BR,Cuiaba
-19.93167,-44.05361,BR,Contagem
-29.16806,-51.17944,BR,Caxias do Sul
-23.52272,-46.835,BR,Carapicuiba
-29.91778,-51.18361,BR,Canoas
-21.75227,-41.33044,BR,Campos dos Goytacazes
-20.44278,-54.64639,BR,Campo Grande
-22.90556,-47.06083,BR,Campinas
-15.77972,-47.92972,BR,Brasilia
-19.96778,-44.19833,BR,Betim
-19.92083,-43.93778,BR,Belo Horizonte
-22.76417,-43.39944,BR,Belford Roxo
-22.31472,-49.06056,BR,Bauru
-10.91111,-37.07167,BR,Aracaju
-16.32667,-48.95278,BR,Anapolis
-8.76194,-63.90389,BR,Porto Velho
-3.10194,-60.025,BR,Manaus
-16.82333,-49.24389,BR,Aparecida de Goiania
-8.11278,-35.01472,BR,Jaboatao dos Guararapes
55.1904,30.2049,BY,Vitebsk
53.9,27.56667,BY,Minsk
53.9168,30.3449,BY,Mahilyow
53.6884,23.8258,BY,Hrodna
52.4345,30.9754,BY,Gomel
52.09755,23.68775,BY,Brest
43.68341,-79.76633,CA,Brampton
51.05011,-114.08529,CA,Calgary
53.55014,-113.46871,CA,Edmonton
43.65421,-79.56711,CA,Etobicoke
43.25011,-79.84963,CA,Hamilton
45.56995,-73.692,CA,Laval
42.98339,-81.23304,CA,London
43.5789,-79.6583,CA,Mississauga
45.50884,-73.58781,CA,Montreal
43.76681,-79.4163,CA,North York
45.41117,-75.69812,CA,Ottawa
49.10635,-122.82509,CA,Surrey
43.70011,-79.4163,CA,Toronto
49.24966,-123.11934,CA,Vancouver
49.8844,-97.14704,CA,Winnipeg
44.64533,-63.57239,CA,Halifax
46.81228,-71.21454,CA,Quebec
43.77223,-79.25666,CA,Scarborough
-6.13603,23.58979,CD,Mbuji-Mayi
0.51528,25.19099,CD,Kisangani
-5.89624,22.41659,CD,Kananga
-11.66089,27.47938,CD,Lubumbashi
-10.98303,26.7384,CD,Likasi
-10.71484,25.46674,CD,Kolwezi
-4.32758,15.31357,CD,Kinshasa
-4.38361,15.39139,CD,Masina
4.36122,18.55496,CF,Bangui
-4.77609,11.86352,CG,Pointe-Noire
-4.26613,15.28318,CG,Brazzaville
47.36667,8.55,CH,Zurich
7.69385,-5.03031,CI,Bouake
5.41613,-4.0159,CI,Abobo
5.30966,-4.01266,CI,Abidjan
-33.45694,-70.64827,CL,Santiago
-33.61169,-70.57577,CL,Puente Alto
-23.65236,-70.3954,CL,Antofagasta
3.86667,11.51667,CM,Yaounde
10.59095,14.31593,CM,Maroua
12.07689,15.03063,CM,Kousseri
9.30143,13.39771,CM,Garoua
4.04827,9.70428,CM,Douala
5.9597,10.14597,CM,Bamenda
43.80096,87.60046,CN,UEruemqi
44.3023,86.03694,CN,Shihezi
41.18418,80.27921,CN,Aksu
27.68667,106.90722,CN,Zunyi
29.34162,104.77689,CN,Zigong
27.83333,113.15,CN,Zhuzhou
32.97944,114.02944,CN,Zhumadian
33.63333,114.63333,CN,Zhoukou
32.21086,119.45508,CN,Zhenjiang
34.75778,113.64861,CN,Zhengzhou
23.05116,112.45972,CN,Zhaoqing
21.28145,110.34271,CN,Zhanjiang
24.51333,117.65556,CN,Zhangzhou
36.79056,118.06333,CN,Zibo
36.096,114.38278,CN,Anyang
22.92833,112.03954,CN,Yunfu
38.46806,106.27306,CN,Yinchuan
30.71444,111.28472,CN,Yichang
37.47649,121.44081,CN,Yantai
32.39722,119.43583,CN,Yangzhou
37.8575,113.56333,CN,Yangquan
33.3575,120.1573,CN,Yancheng
34.18045,117.15707,CN,Tongshan
28.45179,117.94287,CN,Shangrao
34.12821,113.80681,CN,Jiangguanchi
32.12278,114.06556,CN,Xinyang
35.19033,113.80151,CN,Nangandao
34.59972,119.15944,CN,Xinpu
36.62554,101.75739,CN,Xining
37.06306,114.49417,CN,Xingtai
34.33778,108.70261,CN,Xianyang
22.27694,113.56778,CN,Zhuhai
27.85,112.9,CN,Xiangtan
32.0422,112.14479,CN,Xiangyang
34.25833,108.92861,CN,Xi'an
24.47979,118.08187,CN,Xiamen
31.56887,120.28857,CN,Wuxi
29.04638,111.6783,CN,Changde
31.33728,118.37351,CN,Wuhu
30.58333,114.26667,CN,Wuhan
27.99942,120.66682,CN,Wenzhou
36.71,119.10194,CN,Weifang
30.95,117.78333,CN,Wusong
34.57952,105.74238,CN,Tianshui
39.14222,117.17667,CN,Tianjin
39.63333,118.18333,CN,Tangshan
39.02111,117.64694,CN,Tanggu
32.49069,119.90812,CN,Taizhou
37.86944,112.56028,CN,Taiyuan
36.18528,117.12,CN,Tai'an
31.71111,113.36306,CN,Suizhou
32.6475,110.77806,CN,Shiyan
32.56667,110.78333,CN,Shiyan
22.51682,113.38521,CN,Shiqi
38.04139,114.47861,CN,Shijiazhuang
22.54554,114.0683,CN,Shenzhen
30.30722,112.24472,CN,Shashi
30.00237,120.57864,CN,Shaoxing
24.8,113.58333,CN,Shaoguan
23.36814,116.71479,CN,Shantou
31.22222,121.45806,CN,Shanghai
23.5418,116.36581,CN,Jieyang
39.93167,119.58833,CN,Qinhuangdao
33.58861,119.01917,CN,Huai'an
36.06488,120.38042,CN,Qingdao
35.70506,115.01409,CN,Puyang Chengguanzhen
29.45679,119.88872,CN,Puyang
25.43944,119.01028,CN,Putian
27.61672,113.85353,CN,Pingxiang
33.73847,113.30119,CN,Pingdingshan
26.5479,101.70539,CN,Dadukou
29.87819,121.54945,CN,Ningbo
29.58354,105.06216,CN,Neijiang
32.03028,120.87472,CN,Nantong
22.81667,108.31667,CN,Nanning
32.06167,118.77778,CN,Nanjing
30.79508,106.08473,CN,Nanchong
28.68396,115.85306,CN,Nanchang
28.58023,121.37491,CN,Luqiao
34.68361,112.45361,CN,Luoyang
33.56394,114.04272,CN,Luohe
37.87917,114.65167,CN,Luancheng
28.15861,113.62709,CN,Guankou
37.92672,102.63202,CN,Wuwei
36.05701,103.83987,CN,Lanzhou
39.50972,116.69472,CN,Langfang
25.03889,102.71833,CN,Kunming
34.7986,114.30742,CN,Kaifeng
35.405,116.58139,CN,Jining
29.2947,117.20789,CN,Jingdezhen
35.50222,112.83278,CN,Jincheng
36.66833,116.99722,CN,Jinan
30.7522,120.75,CN,Jiaxing
35.23972,113.23306,CN,Jiaozuo
22.58333,113.08333,CN,Jiangmen
21.85563,111.96272,CN,Yangjiang
30.24706,115.04814,CN,Huangshi
32.62639,116.99694,CN,Huainan
33.97444,116.79167,CN,Huaibei
26.88946,112.61888,CN,Hengyang
37.73222,115.70111,CN,Hengshui
31.86389,117.28083,CN,Hefei
30.29365,120.16142,CN,Hangzhou
36.60056,114.46778,CN,Handan
28.68028,121.44278,CN,Jiaojiang
20.04583,110.34167,CN,Haikou
28.88162,120.03308,CN,Guli
26.58333,106.71667,CN,Guiyang
25.28194,110.28639,CN,Guilin
23.11667,113.25,CN,Guangzhou
26.06139,119.30611,CN,Fuzhou
23.02677,113.13148,CN,Foshan
37.46271,118.49165,CN,Shengli
23.01797,113.74866,CN,Dongguan
37.45127,116.31046,CN,Dezhou
26.86879,100.22072,CN,Lijiang
38.91222,121.60222,CN,Dalian
29.56278,106.55278,CN,Chongqing
30.66667,104.06667,CN,Chengdu
23.65396,116.62262,CN,Chaozhou
31.77359,119.95401,CN,Changzhou
35.20889,111.73861,CN,Changzhi
28.19874,112.97087,CN,Changsha
38.31667,116.86667,CN,Cangzhou
32.94083,117.36083,CN,Bengbu
39.9075,116.39723,CN,Beijing
38.85111,115.49028,CN,Baoding
30.01556,120.87111,CN,Shangyu
26.25,105.93333,CN,Anshun
30.51365,117.04723,CN,Anqing
31.30408,120.59538,CN,Suzhou
21.31992,110.5723,CN,Zhongshan
29.37455,113.09481,CN,Yueyang
40.81,114.87944,CN,Zhangjiakou
40.66482,122.22833,CN,Yingkou
42.9075,129.50778,CN,Yanji
40.61028,115.04472,CN,Zhangjiakou Shi Xuanhua Qu
42.29306,123.84139,CN,Tieling
43.16143,124.37785,CN,Siping
46.63611,131.15389,CN,Shuangyashan
41.79222,123.43278,CN,Shenyang
45.76347,130.85048,CN,Taihecun
47.34088,123.96045,CN,Qiqihar
41.18806,122.04944,CN,Panshan
44.58333,129.6,CN,Mudanjiang
42.90361,125.13583,CN,Liaoyuan
41.27194,123.17306,CN,Liaoyang
45.30109,130.95718,CN,Jixi
41.10778,121.14167,CN,Jinzhou
40.76432,120.85327,CN,Lianshan
43.85083,126.56028,CN,Jilin
46.79927,130.31633,CN,Jiamusi
40.81056,111.65222,CN,Hohhot
47.35118,130.30012,CN,Hegang
45.75,126.65,CN,Harbin
42.01556,121.65889,CN,Fuxin
41.85583,123.92333,CN,Fushun
40.09361,113.29139,CN,Datong
40.12917,124.39472,CN,Dandong
42.26833,118.96361,CN,Chifeng
40.9519,117.95883,CN,Chengde
41.57028,120.45861,CN,Chaoyang
43.88,125.32278,CN,Changchun
41.28861,123.765,CN,Benxi
48.26667,126.6,CN,Bei'an
40.65222,109.82222,CN,Baotou
45.60746,122.82076,CN,Baicheng
41.12361,122.99,CN,Anshan
31.64615,120.74221,CN,Changshu City
27.93557,109.59961,CN,Fenghuang
35.99502,119.40259,CN,Zhu Cheng City
39.6086,109.78157,CN,Ordos
23.36306,104.25047,CN,Wenshan City
4.142,-73.62664,CO,Villavicencio
10.46314,-73.25322,CO,Valledupar
10.91843,-74.76459,CO,Soledad
4.57937,-74.21682,CO,Soacha
11.24079,-74.19904,CO,Santa Marta
4.81333,-75.69611,CO,Pereira
1.21361,-77.28111,CO,Pasto
2.9273,-75.28189,CO,Neiva
6.25184,-75.56359,CO,Medellin
5.06889,-75.51738,CO,Manizales
4.43889,-75.23222,CO,Ibague
7.89391,-72.50782,CO,Cucuta
10.39972,-75.51444,CO,Cartagena
3.43722,-76.5225,CO,Cali
7.12539,-73.1198,CO,Bucaramanga
4.60971,-74.08175,CO,Bogota
6.33732,-75.55795,CO,Bello
10.96854,-74.78132,CO,Barranquilla
4.53389,-75.68111,CO,Armenia
9.93333,-84.08333,CR,San Jose
20.02083,-75.82667,CU,Santiago de Cuba
23.13302,-82.38304,CU,Havana
20.88722,-76.26306,CU,Holguin
21.38083,-77.91694,CU,Camaguey
50.08804,14.42076,CZ,Prague
49.83465,18.28204,CZ,Ostrava
49.19522,16.60796,CZ,Brno
51.27027,7.16755,DE,Wuppertal
48.78232,9.17702,DE,Stuttgart
49.45421,11.07752,DE,Nuernberg
48.13743,11.57549,DE,Munich
49.4891,8.46694,DE,Mannheim
51.33962,12.37129,DE,Leipzig
50.93333,6.95,DE,Koeln
52.37052,9.73322,DE,Hannover
53.58334,10.08305,DE,Wandsbek
53.57532,10.01534,DE,Hamburg
50.11552,8.68417,DE,Frankfurt am Main
51.45657,7.01228,DE,Essen
51.22172,6.77616,DE,Duesseldorf
51.43247,6.76516,DE,Duisburg
51.05089,13.73832,DE,Dresden
51.51494,7.466,DE,Dortmund
53.07516,8.80777,DE,Bremen
50.73438,7.09549,DE,Bonn
51.48165,7.21648,DE,Bochum
52.03333,8.53333,DE,Bielefeld
52.52437,13.41053,DE,Berlin
51.50168,7.1756,DE,Bochum-Hordel
11.58901,43.14503,DJ,Djibouti
55.67594,12.56553,DK,Copenhagen
18.50012,-69.98857,DO,Santo Domingo
19.4517,-70.69703,DO,Santiago de los Caballeros
18.5,-70.0,DO,Santo Domingo Oeste
18.48847,-69.85707,DO,Santo Domingo Este
36.76639,3.47717,DZ,Boumerdas
35.40417,8.12417,DZ,Tebessa
35.69906,-0.63588,DZ,Oran
36.365,6.61472,DZ,Constantine
34.85038,5.72805,DZ,Biskra
36.73225,3.08746,DZ,Algiers
-0.22985,-78.52495,EC,Quito
-2.20584,-79.90795,EC,Guayaquil
59.43696,24.75353,EE,Tallinn
30.78847,31.00192,EG,Tanda
31.25654,32.28411,EG,Port Said
27.18096,31.18368,EG,Asyut
29.97371,32.52627,EG,Suez
25.69893,32.6421,EG,Luxor
30.06263,31.24967,EG,Cairo
31.03637,31.38069,EG,Al Mansurah
30.97063,31.1669,EG,Al Mahallah al Kubra
30.00808,31.21093,EG,Giza
31.21564,29.95527,EG,Alexandria
29.30995,30.8418,EG,Al Fayyum
15.33805,38.93184,ER,Asmara
39.46975,-0.37739,ES,Valencia
37.38283,-5.97317,ES,Sevilla
39.56939,2.65024,ES,Palma
37.98704,-1.13004,ES,Murcia
36.72016,-4.42034,ES,Malaga
28.09973,-15.41343,ES,Las Palmas de Gran Canaria
37.89155,-4.77275,ES,Cordoba
38.34517,-0.48149,ES,Alicante
41.65606,-0.87734,ES,Zaragoza
41.65518,-4.72372,ES,Valladolid
40.4165,-3.70256,ES,Madrid
43.26271,-2.92528,ES,Bilbao
41.38879,2.15899,ES,Barcelona
9.02497,38.74689,ET,Addis Ababa
60.16952,24.93545,FI,Helsinki
43.60426,1.44367,FR,Toulouse
48.85341,2.3488,FR,Paris
43.70313,7.26608,FR,Nice
43.29695,5.38107,FR,Marseille
45.74846,4.84671,FR,Lyon
0.39241,9.45356,GA,Libreville
53.00415,-2.18538,GB,Stoke-on-Trent
53.38297,-1.4659,GB,Sheffield
51.45625,-0.97113,GB,Reading
53.76282,-2.70452,GB,Preston
52.9536,-1.15047,GB,Nottingham
51.58774,-2.99835,GB,Newport
53.48095,-2.23743,GB,Manchester
51.51279,-0.09184,GB,City of London
51.50853,-0.12574,GB,London
53.41058,-2.97794,GB,Liverpool
52.6386,-1.13169,GB,Leicester
53.79648,-1.54785,GB,Leeds
53.7446,-0.33525,GB,Kingston upon Hull
51.53622,-0.10304,GB,Islington
51.48,-3.18,GB,Cardiff
51.45523,-2.59665,GB,Bristol
52.48142,-1.89983,GB,Birmingham
53.39337,-3.01479,GB,Birkenhead
41.69411,44.83368,GE,Tbilisi
9.40079,-0.8393,GH,Tamale
6.68848,-1.62443,GH,Kumasi
5.55602,-0.1969,GH,Accra
9.53795,-13.67729,GN,Conakry
9.535,-13.68778,GN,Camayenne
37.97945,23.71622,GR,Athens
40.64361,22.93086,GR,Thessaloniki
14.52694,-90.5875,GT,Villa Nueva
14.63333,-90.60639,GT,Mixco
14.64072,-90.51327,GT,Guatemala City
11.86357,-15.59767,GW,Bissau
22.31667,114.18333,HK,Kowloon
22.27832,114.17469,HK,Hong Kong
14.0818,-87.20681,HN,Tegucigalpa
15.50417,-88.025,HN,San Pedro Sula
45.81444,15.97798,HR,Zagreb
18.53917,-72.335,HT,Port-au-Prince
18.54472,-72.30278,HT,Delmas 73
18.54114,-72.39922,HT,Carrefour
47.49801,19.03991,HU,Budapest
3.6253,98.864,ID,Percut
3.58333,98.66667,ID,Medan
-7.80139,110.36472,ID,Yogyakarta
-5.14861,119.43194,ID,Makassar
-5.42917,105.26111,ID,Bandar Lampung
-6.17806,106.63,ID,Tangerang
-7.55611,110.83167,ID,Surakarta
-7.24917,112.75083,ID,Surabaya
-7.70623,114.00976,ID,Situbondo
-6.99306,110.42083,ID,Semarang
-0.49167,117.14583,ID,Samarinda
-0.03194,109.325,ID,Pontianak
0.51667,101.44167,ID,Pekanbaru
-2.91673,104.7458,ID,Palembang
-0.94924,100.35427,ID,Padang
-8.58333,116.11667,ID,Mataram
1.48218,124.84892,ID,Manado
-7.9797,112.6304,ID,Malang
-1.6,103.61667,ID,Jambi City
-6.21462,106.84513,ID,Jakarta
-6.4,106.81861,ID,Depok
-8.65,115.21667,ID,Denpasar
-6.87222,107.5425,ID,Cimahi
-6.59444,106.78917,ID,Bogor
-3.80044,102.26554,ID,Bengkulu
-6.2349,106.9896,ID,Bekasi
-3.31987,114.59075,ID,Banjarmasin
-6.92222,107.60694,ID,Bandung
-1.26753,116.82887,ID,Balikpapan
-3.69583,128.18333,ID,Ambon
-1.24204,116.89419,ID,City of Balikpapan
-6.28862,106.71789,ID,South Tangerang
53.33306,-6.24889,IE,Dublin
31.76904,35.21633,IL,Jerusalem
31.78199,35.21961,IL,West Jerusalem
18.0,79.58333,IN,Warangal
17.68009,83.20161,IN,Visakhapatnam
16.50745,80.6466,IN,Vijayawada
25.31668,83.01041,IN,Varanasi
22.29941,73.20812,IN,Vadodara
19.21667,73.15,IN,Ulhasnagar
23.18239,75.77643,IN,Ujjain
24.58584,73.71346,IN,Udaipur
13.34136,77.1022,IN,Tumkur
8.4855,76.94924,IN,Thiruvananthapuram
10.51667,76.21667,IN,Trichur
11.11541,77.35456,IN,Tiruppur
8.72518,77.68452,IN,Tirunelveli
10.8155,78.69651,IN,Tiruchirappalli
19.19704,72.96355,IN,Thane
10.01531,77.482,IN,Teni
21.19594,72.83023,IN,Surat
34.08565,74.80555,IN,Srinagar
22.83333,88.36667,IN,Shyamnagar
17.67152,75.91044,IN,Solapur
13.93157,75.56791,IN,Shimoga
26.71004,88.42851,IN,Shiliguri
27.88165,79.90918,IN,Shahjanpur
16.85438,74.56417,IN,Sangli
11.65117,78.15867,IN,Salem
29.9679,77.54522,IN,Saharanpur
28.89447,76.58917,IN,Rohtak
23.34316,85.3094,IN,Ranchi
18.80084,79.45206,IN,Ramgundam
22.29161,70.79322,IN,Rajkot
17.00517,81.77784,IN,Rajahmundry
21.23333,81.63333,IN,Raipur
8.88113,76.58469,IN,Kollam
18.51957,73.85535,IN,Pune
22.23507,76.39335,IN,Punasa
18.62292,73.80696,IN,Pimpri
25.59408,85.13563,IN,Patna
30.33625,76.3922,IN,Patiala
22.69089,88.37404,IN,Panihati
19.23114,82.54826,IN,Nowrangapur
18.67154,78.0988,IN,Nizamabad
28.63576,77.22445,IN,New Delhi
14.44992,79.98697,IN,Nellore
19.99727,73.79096,IN,Nashik
19.16023,77.31497,IN,Nanded
21.14631,79.08491,IN,Nagpur
12.29791,76.63925,IN,Mysore
26.12259,85.39055,IN,Muzaffarpur
29.47091,77.70332,IN,Muzaffarnagar
28.83893,78.77684,IN,Moradabad
28.98002,77.70636,IN,Meerut
27.5035,77.67215,IN,Mathura
12.91723,74.85603,IN,Mangalore
20.54966,74.53462,IN,Malegaon
9.91735,78.11962,IN,Madurai
13.08784,80.27847,IN,Chennai
30.91204,75.85379,IN,Ludhiana
26.83928,80.92313,IN,Lucknow
18.39721,76.56784,IN,Latur
23.73166,86.84372,IN,Kulti
17.48486,78.41376,IN,Kukatpalli
11.24802,75.7804,IN,Kozhikode
25.18254,75.83907,IN,Kota
22.3458,82.69633,IN,Korba
16.69563,74.23167,IN,Kolhapur
28.65136,77.19072,IN,Karol Bagh
26.46523,80.34975,IN,Kanpur
22.67111,88.37472,IN,Kamarhati
19.2437,73.13554,IN,Kalyan
31.32556,75.57917,IN,Jalandhar
26.26841,73.00594,IN,Jodhpur
25.45887,78.57994,IN,Jhansi
22.80278,86.18545,IN,Jamshedpur
22.47292,70.06673,IN,Jamnagar
32.73569,74.86911,IN,Jammu
21.00292,75.56602,IN,Jalgaon
26.91962,75.78781,IN,Jaipur
23.16697,79.95006,IN,Jabalpur
22.71792,75.8333,IN,Indore
17.38405,78.45636,IN,Hyderabad
15.34776,75.13378,IN,Hubli
22.57688,88.31857,IN,Haora
26.22983,78.17337,IN,Gwalior
16.29974,80.45729,IN,Guntur
17.33583,76.83757,IN,Gulbarga
29.44768,75.67206,IN,Gorakhpur
26.76628,83.36889,IN,Gorakhpur
28.66535,77.43915,IN,Ghaziabad
24.79686,85.00385,IN,Gaya
26.1844,91.7458,IN,Guwahati
27.15092,78.39781,IN,Firozabad
28.41124,77.31316,IN,Faridabad
23.51583,87.30801,IN,Durgapur
19.21667,73.08333,IN,Dombivli
20.9013,74.77737,IN,Dhulia
28.65195,77.23149,IN,Delhi
30.32443,78.03392,IN,Dehra Dun
20.46497,85.87927,IN,Cuttack
11.00555,76.96612,IN,Coimbatore
9.93988,76.26022,IN,Cochin
19.95076,79.29523,IN,Chanda
30.73629,76.7884,IN,Chandigarh
22.56263,88.36304,IN,Kolkata
19.31151,84.7929,IN,Brahmapur
19.23496,72.85976,IN,Borivli
19.07283,72.88261,IN,Mumbai
23.78732,85.95622,IN,Bokaro
20.76957,72.96134,IN,Bilimora
28.01762,73.31495,IN,Bikaner
20.27241,85.83385,IN,Bhubaneshwar
23.25469,77.40289,IN,Bhopal
19.30023,73.05881,IN,Bhiwandi
25.34707,74.64081,IN,Bhilwara
21.20919,81.4285,IN,Bhilai
19.30157,72.85107,IN,Bhayandar
21.76287,72.15331,IN,Bhavnagar
22.86643,88.40113,IN,Bhatpara
25.24446,86.97183,IN,Bhagalpur
15.14205,76.92398,IN,Bellary
15.85212,74.50447,IN,Belgaum
28.36678,79.43167,IN,Bareilly
23.25572,87.85691,IN,Barddhaman
12.97194,77.59369,IN,Bengaluru
19.87757,75.34226,IN,Aurangabad
23.68333,86.98333,IN,Asansol
31.62234,74.87534,IN,Amritsar
20.93333,77.75,IN,Amravati
13.09818,80.16152,IN,Ambattur
25.44478,81.84322,IN,Allahabad
27.88145,78.07464,IN,Aligarh
20.70957,76.9981,IN,Akola
26.4521,74.63867,IN,Ajmer
19.09457,74.73843,IN,Ahmadnagar
23.02579,72.58727,IN,Ahmedabad
27.18333,78.01667,IN,Agra
22.50833,88.21528,IN,Nangi
19.03681,73.01582,IN,Navi Mumbai
18.53017,73.85263,IN,Shivaji Nagar
35.46806,44.39222,IQ,Kirkuk
32.61603,44.02488,IQ,Karbala
36.19257,44.01062,IQ,Erbil
33.34058,44.40088,IQ,Baghdad
35.56496,45.4329,IQ,As Sulaymaniyah
31.05799,46.25726,IQ,Nasiriyah
32.02594,44.34625,IQ,Najaf
36.33271,43.10555,IQ,Al Mawsil al Jadidah
36.335,43.11889,IQ,Mosul
32.5128,45.81817,IQ,Al Kut
30.50852,47.7804,IQ,Basrah
31.83561,47.14483,IQ,Al 'Amarah
31.99289,44.92552,IQ,Ad Diwaniyah
33.30563,44.18477,IQ,Abu Ghurayb
30.50316,47.81507,IQ,Al Basrah al Qadimah
34.79049,48.57011,IR,Azadshahr
34.3838,47.0553,IR,Kahriz
36.67642,48.49628,IR,Zanjan
31.89722,54.3675,IR,Yazd
35.69439,51.42151,IR,Tehran
38.08,46.2919,IR,Tabriz
29.61031,52.53113,IR,Shiraz
35.31495,46.99883,IR,Sanandaj
37.27611,49.58862,IR,Rasht
34.6401,50.8764,IR,Qom
36.26877,50.0041,IR,Qazvin
37.55274,45.07605,IR,Orumiyeh
36.31559,59.56796,IR,Mashhad
30.44079,48.18428,IR,Khorramshahr
33.48778,48.35583,IR,Khorramabad
34.31417,47.065,IR,Kermanshah
30.28321,57.07879,IR,Kerman
35.83266,50.99155,IR,Karaj
34.79922,48.51456,IR,Hamadan
27.1865,56.2808,IR,Bandar Abbas
38.2498,48.2933,IR,Ardabil
34.09174,49.68916,IR,Arak
31.31901,48.6842,IR,Ahvaz
30.3392,48.3043,IR,Abadan
32.65246,51.67462,IR,Isfahan
29.4963,60.8629,IR,Zahedan
34.77772,48.47168,IR,Pasragad Branch
38.13205,13.33561,IT,Palermo
45.07049,7.68682,IT,Turin
41.89193,12.51133,IT,Rome
40.85216,14.26811,IT,Naples
45.46427,9.18951,IT,Milan
44.40478,8.94439,IT,Genoa
43.77925,11.24626,IT,Florence
44.49381,11.33875,IT,Bologna
18.00747,-76.78319,JM,New Kingston
17.99702,-76.79358,JM,Kingston
32.55556,35.85,JO,Irbid
32.07275,36.08796,JO,Zarqa
31.95522,35.94503,JO,Amman
35.88333,139.63333,JP,Yono
35.28361,139.66722,JP,Yokosuka
35.43333,139.65,JP,Yokohama
36.56667,139.88333,JP,Utsunomiya
35.08333,137.15,JP,Toyota
34.78244,135.46932,JP,Toyonaka
34.76667,137.38333,JP,Toyohashi
36.7,137.21667,JP,Toyama
35.6895,139.69171,JP,Tokyo
35.79916,139.46903,JP,Tokorozawa
34.84833,135.61678,JP,Takatsuki
34.33333,134.05,JP,Takamatsu
34.76143,135.51567,JP,Suita
34.98333,138.38333,JP,Shizuoka
34.2152,135.1501,JP,Minato
34.58333,135.46667,JP,Sakai
34.69374,135.50218,JP,Osaka
34.95,137.16667,JP,Okazaki
34.65,133.93333,JP,Okayama
33.23333,131.6,JP,Oita
34.71562,135.33199,JP,Nishinomiya-hama
37.88637,139.00589,JP,Niigata
34.68505,135.80485,JP,Nara-shi
26.21667,127.68333,JP,Naha
35.18147,136.90641,JP,Nagoya
32.75,129.88333,JP,Nagasaki
36.65,138.18333,JP,Nagano
31.91667,131.41667,JP,Miyazaki
35.77995,139.90144,JP,Matsudo
35.54028,139.45083,JP,Machida
35.02107,135.75385,JP,Kyoto
34.58333,133.76667,JP,Kurashiki
32.80589,130.69181,JP,Kumamoto
35.89035,139.78916,JP,Koshigaya
33.55,133.53333,JP,Kochi
34.6913,135.183,JP,Kobe
33.85181,130.85034,JP,Kitakyushu
35.52056,139.71722,JP,Kawasaki
35.80521,139.71072,JP,Kawaguchi
35.90861,139.48528,JP,Kawagoe
35.86224,139.97732,JP,Kashiwa
36.6,136.61667,JP,Kanazawa
31.56667,130.55,JP,Kagoshima
34.4,132.45,JP,Hiroshima
34.81352,135.64914,JP,Hirakata
34.81667,134.7,JP,Himeji
34.7,137.73333,JP,Hamamatsu
35.65583,139.32389,JP,Hachioji
35.42291,136.76039,JP,Gifu-shi
35.70129,139.98648,JP,Honcho
34.48333,133.36667,JP,Fukuyama
33.6,130.41667,JP,Fukuoka
35.34926,139.47666,JP,Fujisawa
34.71667,135.41667,JP,Amagasaki
34.23333,135.16667,JP,Wakayama
33.83916,132.76574,JP,Matsuyama
38.26667,140.86667,JP,Sendai
37.4,140.38333,JP,Koriyama
37.05,140.88333,JP,Iwaki
35.6,140.11667,JP,Chiba
39.71667,140.11667,JP,Akita
39.71667,140.1,JP,Akita
43.06667,141.35,JP,Sapporo
43.77063,142.36489,JP,Asahikawa
35.90807,139.65657,JP,Saitama
-1.28333,36.81667,KE,Nairobi
-4.05466,39.66359,KE,Mombasa
42.87,74.59,KG,Bishkek
11.56245,104.91601,KH,Phnom Penh
10.99081,104.78498,KH,Takeo
39.15278,127.44361,KP,Wonsan
38.50722,125.75583,KP,Sariwon
39.03385,125.75432,KP,Pyongyang
38.7375,125.40778,KP,Namp'o
37.97083,126.55444,KP,Kaesong
39.83167,127.61861,KP,Hungnam
39.91833,127.53639,KP,Hamhung
41.79556,129.77583,KP,Chongjin
35.53722,129.31667,KR,Ulsan
37.7415,127.0474,KR,Uijeongbu-si
36.32139,127.41972,KR,Daejeon
35.87028,128.59111,KR,Daegu
37.29111,127.00889,KR,Suwon
37.566,126.9784,KR,Seoul
35.10278,129.04028,KR,Busan
37.49889,126.78306,KR,Bucheon-si
36.02917,129.36481,KR,Pohang
35.12725,126.83149,KR,Masan
35.15472,126.91556,KR,Gwangju
37.65639,126.835,KR,Goyang-si
35.23417,128.88111,KR,Kimhae
37.45646,126.70515,KR,Incheon
37.20682,126.8169,KR,Hwaseong-si
35.82194,127.14889,KR,Jeonju
36.63722,127.48972,KR,Cheongju-si
36.8065,127.1522,KR,Cheonan
35.19278,128.08472,KR,Chinju
33.50972,126.52194,KR,Jeju City
35.22806,128.68111,KR,Changwon
37.3925,126.92694,KR,Anyang-si
37.32361,126.82194,KR,Ansan-si
37.43861,127.13778,KR,Seongnam-si
37.47722,126.86639,KR,Kwangmyong
29.07694,48.08389,KW,Al Ahmadi
49.83333,73.1658,KZ,Karagandy
42.9,71.36667,KZ,Taraz
42.3,69.6,KZ,Shymkent
52.28333,76.96667,KZ,Pavlodar
49.97143,82.60586,KZ,Ust-Kamenogorsk
51.1801,71.44598,KZ,Astana
43.25667,76.92861,KZ,Almaty
33.9,35.48333,LB,Ra's Bayrut
33.88894,35.49442,LB,Beirut
6.93194,79.84778,LK,Colombo
6.30054,-10.7969,LR,Monrovia
54.68916,25.2798,LT,Vilnius
54.90272,23.90961,LT,Kaunas
56.946,24.10589,LV,Riga
32.11486,20.06859,LY,Benghazi
32.87519,13.18746,LY,Tripoli
32.37535,15.09254,LY,Misratah
35.57845,-5.36837,MA,Tetouan
35.76727,-5.79975,MA,Tangier
34.0531,-6.79846,MA,Sale
34.01325,-6.83255,MA,Rabat
34.68139,-1.90858,MA,Oujda-Angad
33.89352,-5.54727,MA,Meknes
31.63416,-7.99994,MA,Marrakesh
34.26101,-6.5802,MA,Kenitra
34.03313,-5.00028,MA,Fes
33.58831,-7.61138,MA,Casablanca
35.25165,-3.93723,MA,Al Hoceima
30.42018,-9.59815,MA,Agadir
47.00556,28.8575,MD,Chisinau
-18.91368,47.53613,MG,Antananarivo
41.99646,21.43141,MK,Skopje
12.65,-8.0,ML,Bamako
16.80528,96.15611,MM,Yangon
16.49051,97.62825,MM,Mawlamyine
21.97473,96.08359,MM,Mandalay
19.745,96.12972,MM,Nay Pyi Taw
47.90771,106.88324,MN,Ulan Bator
22.20056,113.54611,MO,Macau
18.08581,-15.9785,MR,Nouakchott
-13.96692,33.78725,MW,Lilongwe
-15.78499,35.00854,MW,Blantyre
19.25465,-99.10356,MX,Xochimilco
19.27022,-98.93588,MX,San Miguel Xico Viejo
19.35867,-99.20329,MX,Alvaro Obregon
17.98689,-92.93028,MX,Villahermosa
19.49392,-99.11075,MX,Gustavo Adolfo Madero
19.18095,-96.1429,MX,Veracruz
16.75973,-93.11308,MX,Tuxtla
19.28786,-99.65324,MX,Toluca
19.29513,-99.16206,MX,Tlalpan
19.54005,-99.19538,MX,Tlalnepantla
19.28689,-99.00507,MX,Tlahuac
19.64388,-99.21598,MX,Cuautitlan Izcalli
22.27817,-97.86772,MX,Tampico
19.42155,-98.95038,MX,Santa Maria Chimalhuacan
26.08061,-98.28835,MX,Reynosa
19.03793,-98.20346,MX,Puebla
20.11697,-98.73329,MX,Pachuca de Soto
27.47629,-99.51639,MX,Nuevo Laredo
19.47851,-99.23963,MX,Naucalpan de Juarez
20.97537,-89.61696,MX,Merida
25.87972,-97.50417,MX,Heroica Matamoros
19.53124,-96.91589,MX,Xalapa de Enriquez
19.31556,-98.88284,MX,Ixtapaluca
19.35529,-99.06224,MX,Iztapalapa
19.39528,-99.09778,MX,Iztacalco
19.60492,-99.06064,MX,Ecatepec
18.9261,-99.23075,MX,Cuernavaca
19.3467,-99.16174,MX,Coyoacan
19.62923,-99.10689,MX,Coacalco
19.40061,-99.01483,MX,Ciudad Nezahualcoyotl
19.42847,-99.12766,MX,Mexico City
21.17429,-86.84656,MX,Cancun
19.48698,-99.18594,MX,Azcapotzalco
19.58722,-99.26356,MX,Adolfo Lopez Mateos
16.86336,-99.8901,MX,Acapulco de Juarez
19.3984,-99.15766,MX,Benito Juarez
19.44361,-99.10499,MX,Venustiano Carranza
19.43411,-99.20024,MX,Miguel Hidalgo
19.44506,-99.14612,MX,Cuauhtemoc
20.72356,-103.38479,MX,Zapopan
25.54389,-103.41898,MX,Torreon
20.62445,-103.23423,MX,Tonala
20.64091,-103.29327,MX,Tlaquepaque
32.5027,-117.00371,MX,Tijuana
25.74167,-100.30222,MX,San Nicolas de los Garza
22.14982,-100.97916,MX,San Luis Potosi
25.42321,-101.0053,MX,Saltillo
20.58806,-100.38806,MX,Santiago de Queretaro
19.70078,-101.18443,MX,Morelia
25.67507,-100.31847,MX,Monterrey
32.62781,-115.45446,MX,Mexicali
23.2329,-106.4062,MX,Mazatlan
21.12908,-101.67374,MX,Leon de los Aldama
20.67675,-101.35628,MX,Irapuato
29.1026,-110.97732,MX,Hermosillo
25.67678,-100.25646,MX,Guadalupe
20.66682,-103.39182,MX,Guadalajara
25.79698,-100.31791,MX,Ciudad General Escobedo
24.02032,-104.65756,MX,Victoria de Durango
24.79032,-107.38782,MX,Culiacan
31.73333,-106.48333,MX,Ciudad Juarez
28.63528,-106.08889,MX,Chihuahua
20.52353,-100.8157,MX,Celaya
25.78195,-100.18839,MX,Ciudad Apodaca
21.88234,-102.28259,MX,Aguascalientes
1.4655,103.7578,MY,Johor Bahru
3.08507,101.53281,MY,Shah Alam
3.03333,101.45,MY,Klang
5.9749,116.0724,MY,Kota Kinabalu
5.8402,118.1179,MY,Sandakan
4.24482,117.89115,MY,Tawau
4.5841,101.0829,MY,Ipoh
2.7297,101.9381,MY,Seremban
3.10726,101.60671,MY,Petaling Jaya
3.1412,101.68653,MY,Kuala Lumpur
3.8077,103.326,MY,Kuantan
1.55,110.33333,MY,Kuching
6.13328,102.2386,MY,Kota Bharu
3.15,101.53333,MY,Kampung Baru Subang
3.04384,101.58062,MY,Subang Jaya
-15.11646,39.2666,MZ,Nampula
-25.96222,32.45889,MZ,Matola
-25.96553,32.58322,MZ,Maputo
-19.84361,34.83889,MZ,Beira
13.51366,2.1098,NE,Niamey
11.11128,7.7227,NG,Zaria
5.51737,5.75006,NG,Warri
5.05127,7.9335,NG,Uyo
13.06269,5.24322,NG,Sokoto
4.77742,7.0134,NG,Port Harcourt
7.85257,3.93125,NG,Oyo
6.14978,6.78569,NG,Onitsha
7.55122,6.23589,NG,Okene
11.84692,13.15712,NG,Maiduguri
6.45407,3.39467,NG,Lagos
12.99082,7.60177,NG,Katsina
12.00012,8.51672,NG,Kano
10.52641,7.43879,NG,Kaduna
9.92849,8.89212,NG,Jos
8.49664,4.54214,NG,Ilorin
6.59651,3.34205,NG,Ikeja
7.37756,3.90591,NG,Ibadan
6.44132,7.49883,NG,Enugu
6.60086,3.48818,NG,Ebute Ikorodu
4.95893,8.32695,NG,Calabar
6.33815,5.62575,NG,Benin City
10.31032,9.84388,NG,Bauchi
7.25256,5.19312,NG,Akure
7.62329,5.22087,NG,Ado-Ekiti
9.05785,7.49508,NG,Abuja
7.15571,3.34509,NG,Abeokuta
5.10658,7.36667,NG,Aba
12.13282,-86.2504,NI,Managua
52.07667,4.29861,NL,The Hague
51.9225,4.47917,NL,Rotterdam
52.37403,4.88969,NL,Amsterdam
59.91273,10.74609,NO,Oslo
27.70169,85.3206,NP,Kathmandu
-41.28664,174.77557,NZ,Wellington
-36.99282,174.87986,NZ,Manukau City
-43.53333,172.63333,NZ,Christchurch
-36.84853,174.76349,NZ,Auckland
23.58413,58.40778,OM,Muscat
9.05032,-79.47068,PA,San Miguelito
8.9936,-79.51973,PA,Panama
-8.11599,-79.02998,PE,Trujillo
-8.37915,-74.55387,PE,Pucallpa
-5.19449,-80.63282,PE,Piura
-3.74912,-73.25383,PE,Iquitos
-9.08528,-78.57833,PE,Chimbote
-6.77137,-79.84088,PE,Chiclayo
-12.04318,-77.02824,PE,Lima
-12.06513,-75.20486,PE,Huancayo
-13.52264,-71.96734,PE,Cusco
-12.05659,-77.11814,PE,Callao
-16.39889,-71.535,PE,Arequipa
6.91028,122.07389,PH,Zamboanga
14.5243,121.0792,PH,Taguig
14.81389,121.04528,PH,San Jose del Monte
14.6488,121.0509,PH,Quezon City
10.63111,122.97889,PH,Mansilingan
14.6042,120.9822,PH,Manila
10.32361,123.92222,PH,Mandaue City
14.5832,121.0409,PH,Mandaluyong City
14.55027,121.03269,PH,Makati City
10.31028,123.94944,PH,Lapu-Lapu City
10.69694,122.56444,PH,Iloilo
8.25,124.4,PH,Iligan City
6.11278,125.17167,PH,General Santos
7.07306,125.61278,PH,Davao
14.32944,120.93667,PH,Dasmarinas
10.31672,123.89071,PH,Cebu City
14.21167,121.16528,PH,Calamba
8.48222,124.64722,PH,Cagayan de Oro
8.94917,125.54361,PH,Butuan
7.20417,124.43972,PH,Budta
14.45903,120.92903,PH,Bacoor
10.66667,122.95,PH,Bacolod City
14.62578,121.12251,PH,Antipolo
7.16083,124.475,PH,Malingao
14.58691,121.0614,PH,Pasig City
27.70516,68.85738,PK,Sukkur
32.49268,74.53134,PK,Sialkot
31.71306,73.97833,PK,Sheikhupura
32.08361,72.67111,PK,Sargodha
33.6007,73.0679,PK,Rawalpindi
30.18414,67.00141,PK,Quetta
34.008,71.57849,PK,Peshawar
34.37002,73.47082,PK,Muzaffarabad
30.19679,71.47824,PK,Multan
34.19794,72.04965,PK,Mardan
27.55898,68.21204,PK,Larkana
31.558,74.35071,PK,Lahore
33.51836,73.9022,PK,Kotli
24.8608,67.0104,PK,Karachi
31.26981,72.31687,PK,Jhang Sadr
33.72148,73.04329,PK,Islamabad
25.39242,68.37366,PK,Hyderabad
32.5742,74.07542,PK,Gujrat
32.15567,74.18705,PK,Gujranwala
31.41667,73.08333,PK,Faisalabad
32.97465,74.07846,PK,Bhimbar
34.67719,73.02329,PK,Battagram
29.4,71.68333,PK,Bahawalpur
52.22977,21.01178,PL,Warsaw
51.25,22.56667,PL,Lublin
51.1,17.03333,PL,Wroclaw
53.42894,14.55302,PL,Szczecin
52.40692,16.92993,PL,Poznan
51.75,19.46667,PL,Lodz
50.06143,19.93658,PL,Krakow
50.25841,19.02754,PL,Katowice
54.35205,18.64637,PL,Gdansk
53.1235,18.00762,PL,Bydgoszcz
18.46633,-66.10572,PR,San Juan
31.5,34.46667,PS,Gaza
31.78336,35.23388,PS,East Jerusalem
38.71667,-9.13333,PT,Lisbon
-25.50972,-54.61111,PY,Ciudad del Este
-25.30066,-57.63591,PY,Asuncion
25.27932,51.52245,QA,Doha
45.75372,21.22571,RO,Timisoara
47.16667,27.6,RO,Iasi
44.31667,23.8,RO,Craiova
44.18073,28.63432,RO,Constanta
46.76667,23.6,RO,Cluj-Napoca
44.43225,26.10626,RO,Bucharest
44.4528,26.13321,RO,Sector 2
44.4234,26.16874,RO,Sector 3
44.43579,26.01649,RO,Sector 6
44.80401,20.46513,RS,Belgrade
57.62987,39.87368,RU,Yaroslavl
51.67204,39.1843,RU,Voronezh
48.78583,44.77973,RU,Volzhskiy
59.2239,39.88398,RU,Vologda
48.71939,44.50183,RU,Volgograd
56.13655,40.39658,RU,Vladimir
43.03667,44.66778,RU,Vladikavkaz
54.32824,48.38657,RU,Ulyanovsk
54.74306,55.96779,RU,Ufa
56.85836,35.90057,RU,Tver
54.19609,37.61822,RU,Tula
53.5303,49.3461,RU,Tol'yatti
45.0428,41.9734,RU,Stavropol'
43.59917,39.72569,RU,Sochi
54.7818,32.0401,RU,Smolensk
51.54056,46.00861,RU,Saratov
54.1838,45.1749,RU,Saransk
59.93863,30.31413,RU,Saint Petersburg
53.20007,50.15,RU,Samara
54.6269,39.6916,RU,Ryazan'
47.23135,39.72328,RU,Rostov-na-Donu
58.01046,56.25017,RU,Perm
53.20066,45.00464,RU,Penza
51.7727,55.0988,RU,Orenburg
52.96508,36.07849,RU,Orel
57.91944,59.965,RU,Nizhniy Tagil
56.32867,44.00205,RU,Nizhniy Novgorod
55.72545,52.41122,RU,Naberezhnyye Chelny
68.97917,33.09251,RU,Murmansk
55.75222,37.61556,RU,Moscow
42.97638,47.50236,RU,Makhachkala
53.41861,59.04722,RU,Magnitogorsk
52.60311,39.57076,RU,Lipetsk
51.73733,36.18735,RU,Kursk
45.04484,38.97603,RU,Krasnodar
58.59665,49.66007,RU,Kirov
55.78874,49.12214,RU,Kazan
54.5293,36.27542,RU,Kaluga
54.70649,20.51095,RU,Kaliningrad
56.84976,53.20448,RU,Izhevsk
56.99719,40.97139,RU,Ivanovo
59.13333,37.9,RU,Cherepovets
56.13222,47.25194,RU,Cheboksary
53.25209,34.37167,RU,Bryansk
50.61074,36.58015,RU,Belgorod
46.34968,48.04076,RU,Astrakhan
64.5401,40.5433,RU,Arkhangel'sk
56.8519,60.6122,RU,Yekaterinburg
57.15222,65.52722,RU,Tyumen
56.49771,84.97437,RU,Tomsk
61.25,73.41667,RU,Surgut
54.99244,73.36859,RU,Omsk
55.0415,82.9346,RU,Novosibirsk
53.7557,87.1099,RU,Novokuznetsk
55.45,65.33333,RU,Kurgan
56.01839,92.86717,RU,Krasnoyarsk
55.33333,86.08333,RU,Kemerovo
55.15402,61.42915,RU,Chelyabinsk
53.36056,83.76361,RU,Barnaul
43.10562,131.87353,RU,Vladivostok
51.82721,107.60627,RU,Ulan-Ude
48.48271,135.08379,RU,Khabarovsk
52.29778,104.29639,RU,Irkutsk
52.03171,113.50087,RU,Chita
48.43776,135.13329,RU,Khabarovsk Vtoroy
59.99675,30.3899,RU,Kalininskiy
59.97305,30.47607,RU,Krasnogvargeisky
-1.94995,30.05885,RW,Kigali
28.3998,36.57151,SA,Tabuk
24.49258,39.58572,SA,Sultanah
21.42664,39.82563,SA,Mecca
18.3,42.73333,SA,Khamis Mushait
21.54238,39.19797,SA,Jeddah
26.32599,43.97497,SA,Buraydah
21.27028,40.41583,SA,Ta'if
24.68773,46.72185,SA,Riyadh
24.46861,39.61417,SA,Medina
26.43442,50.10326,SA,Dammam
14.40118,33.51989,SD,Wad Medani
15.64453,32.47773,SD,Omdurman
13.1629,32.66347,SD,Kosti
15.45099,36.39998,SD,Kassala
19.61745,37.21644,SD,Port Sudan
13.18421,30.21669,SD,El Obeid
14.03493,35.38344,SD,Al Qadarif
15.55177,32.53241,SD,Khartoum
59.33258,18.0649,SE,Stockholm
55.60587,13.00073,SE,Malmoe
57.70716,11.96679,SE,Goeteborg
1.28967,103.85007,SG,Singapore
48.14816,17.10674,SK,Bratislava
8.484,-13.22994,SL,Freetown
14.85,-15.88333,SN,Touba
14.76457,-17.39071,SN,Pikine
14.6937,-17.44406,SN,Dakar
2.03711,45.34375,SO,Mogadishu
9.56,44.065,SO,Hargeysa
4.85165,31.58247,SS,Juba
13.71024,-89.13989,SV,Soyapango
13.68935,-89.18718,SV,San Salvador
34.72682,36.72339,SY,Homs
35.13179,36.75783,SY,Hamah
36.20124,37.16117,SY,Aleppo
33.5102,36.29128,SY,Damascus
35.53168,35.79011,SY,Latakia
12.10672,15.0444,TD,N'Djamena
6.13748,1.21227,TG,Lome
13.59934,100.59675,TH,Samut Prakan
13.75398,100.50144,TH,Bangkok
38.53575,68.77905,TJ,Dushanbe
37.95,58.38333,TM,Ashgabat
36.81897,10.16579,TN,Tunis
38.49457,43.38323,TR,Van
37.16708,38.79392,TR,Sanliurfa
36.79526,34.61792,TR,Mercin
38.35018,38.31667,TR,Malatya
37.87135,32.48464,TR,Konya
38.73222,35.48528,TR,Kayseri
37.5847,36.92641,TR,Kahramanmaras
38.41273,27.13838,TR,Izmir
37.05944,37.3825,TR,Gaziantep
39.77667,30.52056,TR,Eskisehir
39.90861,41.27694,TR,Erzurum
37.91363,40.21721,TR,Diyarbakir
37.77417,29.0875,TR,Denizli
37.88738,41.13221,TR,Batman
36.90812,30.69556,TR,Antalya
39.91987,32.85427,TR,Ankara
37.00167,35.32889,TR,Adana
41.02252,29.02369,TR,UEskuedar
41.01643,29.12476,TR,Umraniye
41.06046,28.98717,TR,Sisli
41.27976,36.3361,TR,Samsun
40.93567,29.15507,TR,Maltepe
41.01384,28.94966,TR,Istanbul
41.0435,28.87619,TR,Esenler
40.19559,29.06013,TR,Bursa
41.03903,28.85671,TR,Bagcilar
40.9833,29.1167,TR,Atasehir
39.9179,32.86268,TR,Cankaya
41.00231,28.8598,TR,Bahcelievler
41.10652,28.86847,TR,Sultangazi
38.37396,27.1352,TR,Karabaglar
36.89157,30.76498,TR,Muratpasa
25.04776,121.53185,TW,Taipei
22.99083,120.21333,TW,Tainan
24.1469,120.6839,TW,Taichung
25.01427,121.46719,TW,Banqiao
22.61626,120.31333,TW,Kaohsiung
23.97694,121.60444,TW,Hualien City
24.80361,120.96861,TW,Hsinchu
25.12825,121.7419,TW,Keelung
24.99368,121.29696,TW,Taoyuan City
-6.16394,39.19793,TZ,Zanzibar
-2.51667,32.9,TZ,Mwanza
-6.82349,39.26951,TZ,Dar es Salaam
-3.36667,36.68333,TZ,Arusha
47.82289,35.19031,UA,Zaporizhia
49.23278,28.48097,UA,Vinnytsya
44.95719,34.11079,UA,Simferopol
44.58883,33.5224,UA,Sevastopol
49.59373,34.54073,UA,Poltava
46.47747,30.73262,UA,Odessa
46.96591,31.9974,UA,Mykolayiv
47.09514,37.54131,UA,Mariupol
48.04782,37.92576,UA,Makiyivka
49.83826,24.02324,UA,Lviv
48.56705,39.31706,UA,Luhansk
50.45466,30.5238,UA,Kiev
47.90966,33.38044,UA,Kryvyi Rih
49.42161,26.99653,UA,Khmel'nyts'kyy
46.65581,32.6178,UA,Kherson
49.98081,36.25272,UA,Kharkiv
48.023,37.80224,UA,Donetsk
48.4593,35.03865,UA,Dnipro
51.50551,31.28487,UA,Chernihiv
0.31628,32.58219,UG,Kampala
38.89511,-77.03637,US,"Washington, D.C."
30.33218,-81.65565,US,Jacksonville
25.77427,-80.19366,US,Miami
27.94752,-82.45843,US,Tampa
33.749,-84.38798,US,Atlanta
39.76838,-86.15804,US,Indianapolis
37.69224,-97.33754,US,Wichita
38.0498,-84.45855,US,Lexington-Fayette
29.95465,-90.07507,US,New Orleans
39.29038,-76.61219,US,Baltimore
39.09973,-94.57857,US,Kansas City
38.62727,-90.19789,US,St. Louis
35.22709,-80.84313,US,Charlotte
35.7721,-78.63861,US,Raleigh
35.78682,-78.66389,US,West Raleigh
39.96118,-82.99879,US,Columbus
35.46756,-97.51643,US,Oklahoma City
36.15398,-95.99277,US,Tulsa
39.95233,-75.16379,US,Philadelphia
35.14953,-90.04898,US,Memphis
36.16589,-86.78444,US,Nashville
35.08676,-90.05676,US,New South Memphis
32.73569,-97.10807,US,Arlington
30.26715,-97.74306,US,Austin
27.80058,-97.39638,US,Corpus Christi
32.78306,-96.80667,US,Dallas
32.72541,-97.32085,US,Fort Worth
29.76328,-95.36327,US,Houston
41.85003,-87.65005,US,Chicago
42.35843,-71.05977,US,Boston
42.33343,-71.04949,US,South Boston
42.33143,-83.04575,US,Detroit
44.97997,-93.26384,US,Minneapolis
41.25626,-95.94043,US,Omaha
40.84985,-73.86641,US,The Bronx
40.6501,-73.94958,US,Brooklyn
40.78343,-73.96625,US,Manhattan
40.71427,-74.00597,US,New York City
40.68149,-73.83652,US,Queens
40.56233,-74.13986,US,Staten Island
41.4995,-81.69541,US,Cleveland
40.44062,-79.99589,US,Pittsburgh
43.0389,-87.90647,US,Milwaukee
33.42227,-111.82264,US,Mesa
33.44838,-112.07404,US,Phoenix
32.22174,-110.92648,US,Tucson
33.83529,-117.9145,US,Anaheim
35.37329,-119.01871,US,Bakersfield
36.74773,-119.77237,US,Fresno
33.76696,-118.18923,US,Long Beach
34.05223,-118.24368,US,Los Angeles
37.80437,-122.2708,US,Oakland
33.95335,-117.39616,US,Riverside
38.58157,-121.4944,US,Sacramento
32.71533,-117.15726,US,San Diego
37.77493,-122.41942,US,San Francisco
37.33939,-121.89496,US,San Jose
33.74557,-117.86783,US,Santa Ana
37.9577,-121.29078,US,Stockton
39.72943,-104.83192,US,Aurora
38.83388,-104.82136,US,Colorado Springs
39.73915,-104.9847,US,Denver
35.08449,-106.65114,US,Albuquerque
36.17497,-115.13722,US,Las Vegas
31.75872,-106.48693,US,El Paso
45.52345,-122.67621,US,Portland
47.60621,-122.33207,US,Seattle
21.30694,-157.85833,US,Honolulu
-34.90328,-56.18816,UY,Montevideo
39.65417,66.95972,UZ,Samarqand
41.26465,69.21627,UZ,Tashkent
40.9983,71.67257,UZ,Namangan
40.78206,72.34424,UZ,Andijon
10.16202,-68.00765,VE,Valencia
10.22856,-67.47421,VE,Turmero
10.21667,-64.61667,VE,Puerto La Cruz
10.47226,-66.80155,VE,Petare
10.23535,-67.59113,VE,Maracay
10.66663,-71.61245,VE,Maracaibo
8.35122,-62.64102,VE,Ciudad Guayana
8.12923,-63.54086,VE,Ciudad Bolivar
10.48801,-66.87919,VE,Caracas
10.0647,-69.35703,VE,Barquisimeto
8.62261,-70.20749,VE,Barinas
10.13625,-64.68618,VE,Barcelona
9.74569,-63.18323,VE,Maturin
10.82302,106.62965,VN,Ho Chi Minh City
21.0245,105.84117,VN,Hanoi
20.86481,106.68345,VN,Haiphong
16.06778,108.22083,VN,Da Nang
10.94469,106.82432,VN,Bien Hoa
42.67272,21.16688,XK,Pristina
13.57952,44.02091,YE,Ta`izz
15.35472,44.20667,YE,Sanaa
14.79781,42.95452,YE,Al Hudaydah
12.77944,45.03667,YE,Aden
-27.97742,26.73506,ZA,Welkom
-26.67313,27.92615,ZA,Vereeniging
-25.99636,28.2268,ZA,Tembisa
-26.26781,27.85849,ZA,Soweto
-25.74486,28.18783,ZA,Pretoria
-33.91799,25.57007,ZA,Port Elizabeth
-29.61679,30.39278,ZA,Pietermaritzburg
-27.75796,29.9318,ZA,Newcastle
-26.08577,27.77515,ZA,Krugersdorp
-26.20227,28.04363,ZA,Johannesburg
-33.01529,27.91162,ZA,East London
-29.8579,31.0292,ZA,Durban
-26.23656,28.36938,ZA,Brakpan
-29.26737,26.72595,ZA,Botshabelo
-26.21197,28.25958,ZA,Boksburg
-29.12107,26.214,ZA,Bloemfontein
-26.18848,28.32078,ZA,Benoni
-33.92584,18.42322,ZA,Cape Town
-25.93312,28.01213,ZA,Diepsloot
-12.95867,28.63659,ZM,Ndola
-15.40669,28.28713,ZM,Lusaka
-12.80243,28.21323,ZM,Kitwe
-17.82772,31.05337,ZW,Harare
-20.15,28.58333,ZW,Bulawayo
-18.01274,31.07555,ZW,Chitungwiza
